time,valence,happy,sad,angry,fear,disgust,surprise,neutral,frown,jaw,mouth_open,comfort,saccade
0.0,1.0,1.0,0.0,0.0,0.0,0.0,0.0,0.0,0.006083309650421143,0.318581759929657,0.03890115022659302,-0.2857639193534851,0.0
0.03333333333333333,1.0,1.0,0.0,0.0,0.0,0.0,0.0,0.0,0.006777465343475342,0.3156210482120514,0.03632533550262451,-0.2860731780529022,0.0009939664143563804
0.06666666666666667,1.0,1.0,0.0,0.0,0.0,0.0,0.0,0.0,0.0071738362312316895,0.31921929121017456,0.03409242630004883,-0.2923007011413574,0.00011292623880157927
0.1,1.0,1.0,0.0,0.0,0.0,0.0,0.0,0.0,0.00923764705657959,0.32050880789756775,0.03256881237030029,-0.29717764258384705,0.0014484146926364166
0.13333333333333333,1.0,1.0,0.0,0.0,0.0,0.0,0.0,0.0,0.01828974485397339,0.32231125235557556,0.03525334596633911,-0.30534765124320984,0.004865745747071562
0.16666666666666666,0.99,0.99,0.0,0.0,0.0,0.0,0.0,0.01,0.009792059659957886,0.32238662242889404,0.029285788536071777,-0.30289289355278015,0.0011929492841524286
0.2,0.99,0.99,0.0,0.0,0.0,0.0,0.0,0.01,0.009045422077178955,0.316175639629364,0.029157519340515137,-0.29606354236602783,0.004360598721865716
0.23333333333333334,0.9299999999999999,0.95,0.01,0.0,0.01,0.0,0.0,0.03,0.011695772409439087,0.3159768581390381,0.026057958602905273,-0.3016146719455719,0.0010402829416717957
0.26666666666666666,0.97,0.97,0.0,0.0,0.0,0.0,0.0,0.02,0.0012901127338409424,0.3092564046382904,0.025504708290100098,-0.28504180908203125,0.0021817845495542055
0.3,0.9,0.91,0.01,0.0,0.0,0.0,0.0,0.08,0.000743865966796875,0.3106797933578491,0.021020591259002686,-0.2904030680656433,0.0011507962488123476
0.3333333333333333,0.87,0.89,0.01,0.01,0.01,0.0,0.01,0.07,0.0025300681591033936,0.3116320073604584,0.022315621376037598,-0.29184645414352417,0.002216623699665386
0.36666666666666664,0.9,0.91,0.01,0.0,0.0,0.0,0.0,0.07,0.003814786672592163,0.3073257505893707,0.023322641849517822,-0.28781789541244507,0.0009826954645815009
0.4,0.77,0.83,0.04,0.01,0.03,0.0,0.02,0.08,0.0019755661487579346,0.30301806330680847,0.02600395679473877,-0.27898967266082764,0.0009147706973486698
0.43333333333333335,0.88,0.9,0.02,0.01,0.01,0.0,0.02,0.05,3.966689109802246e-05,0.3019926846027374,0.026526153087615967,-0.2755061984062195,0.002595340420707726
0.4666666666666667,0.78,0.85,0.04,0.02,0.02,0.0,0.01,0.08,0.008838176727294922,0.30663973093032837,0.02693760395050049,-0.2885403037071228,0.0017013836899806723
0.5,0.8200000000000001,0.86,0.03,0.01,0.02,0.0,0.02,0.06,0.013708740472793579,0.30480119585990906,0.03298747539520264,-0.2855224609375,0.0022224439838646045
0.5333333333333333,0.89,0.92,0.02,0.01,0.01,0.0,0.01,0.04,0.009992659091949463,0.3108605742454529,0.03387045860290527,-0.28698277473449707,0.0004955192920938597
0.5666666666666667,0.8,0.86,0.04,0.01,0.02,0.0,0.01,0.06,0.011746436357498169,0.3051801025867462,0.03328287601470947,-0.2836436629295349,0.0008793320443113423
0.6,0.87,0.9,0.02,0.01,0.01,0.0,0.01,0.06,0.012409746646881104,0.30520305037498474,0.035120248794555664,-0.2824925482273102,0.0010696132960554847
0.6333333333333333,0.7899999999999999,0.83,0.03,0.01,0.01,0.0,0.01,0.11,0.010759532451629639,0.31002575159072876,0.029874682426452637,-0.29091060161590576,0.0024281149019037044
0.6666666666666666,0.7799999999999999,0.82,0.02,0.01,0.01,0.0,0.0,0.15,0.006719857454299927,0.3083585202693939,0.022841334342956543,-0.2922370433807373,0.0035809017510092063
0.7,0.92,0.93,0.01,0.0,0.0,0.0,0.0,0.06,0.001940220594406128,0.30464968085289,0.02717489004135132,-0.2794150114059448,0.0006406947090643568
0.7333333333333333,0.89,0.9,0.01,0.0,0.0,0.0,0.0,0.08,0.0020993947982788086,0.3012734651565552,0.02356940507888794,-0.27980345487594604,0.0028857988584334933
0.7666666666666667,0.85,0.85,0.01,0.0,0.0,0.0,0.01,0.13,0.0034924745559692383,0.30452272295951843,0.02602851390838623,-0.28198668360710144,0.0007973379438036326
0.8,0.95,0.95,0.0,0.0,0.0,0.0,0.0,0.04,0.0025407373905181885,0.30173417925834656,0.02389627695083618,-0.28037863969802856,0.00172494045309711
0.8333333333333334,0.85,0.87,0.01,0.01,0.0,0.0,0.0,0.11,0.0008064210414886475,0.3002622723579407,0.026377499103546143,-0.2746911942958832,0.0007499828843999212
0.8666666666666667,0.84,0.85,0.01,0.0,0.0,0.0,0.0,0.13,0.004354119300842285,0.30133387446403503,0.024080932140350342,-0.281607061624527,0.0015334111520862717
0.9,0.8099999999999999,0.82,0.01,0.01,0.0,0.0,0.01,0.15,0.005571097135543823,0.2975204586982727,0.0261957049369812,-0.2768958508968353,0.0008444722536775403
0.9333333333333333,0.95,0.95,0.0,0.0,0.0,0.0,0.0,0.05,0.006771057844161987,0.2984386384487152,0.023867487907409668,-0.28134220838546753,0.0002512468417095205
0.9666666666666667,0.86,0.87,0.01,0.0,0.0,0.0,0.0,0.11,0.007046878337860107,0.29936930537223816,0.02627354860305786,-0.2801426351070404,0.0009818160141665503
1.0,0.96,0.96,0.0,0.0,0.0,0.0,0.0,0.03,0.007047086954116821,0.2960493564605713,0.027791500091552734,-0.2753049433231354,0.0027722028488635104
1.0333333333333334,0.95,0.95,0.0,0.0,0.0,0.0,0.0,0.04,0.0054042041301727295,0.2926896810531616,0.026308178901672363,-0.271785706281662,0.001023770024232852
1.0666666666666667,0.85,0.86,0.0,0.01,0.0,0.0,0.0,0.12,0.005989432334899902,0.2981317639350891,0.028347373008728027,-0.275773823261261,0.0021387595730275252
1.1,0.82,0.85,0.01,0.01,0.01,0.0,0.0,0.11,0.006352037191390991,0.29417434334754944,0.02234894037246704,-0.2781774401664734,0.0021911249582555743
1.1333333333333333,0.7899999999999999,0.82,0.01,0.01,0.01,0.0,0.0,0.14,0.005896538496017456,0.29214271903038025,0.025161802768707275,-0.27287745475769043,0.001420834646749533
1.1666666666666667,0.82,0.84,0.01,0.01,0.0,0.0,0.0,0.14,0.005672067403793335,0.2948049306869507,0.02415180206298828,-0.27632519602775574,0.00133314947259081
1.2,0.95,0.95,0.0,0.0,0.0,0.0,0.0,0.04,0.004336118698120117,0.3010728359222412,0.023526370525360107,-0.2818825840950012,0.003793464571685064
1.2333333333333334,0.84,0.87,0.01,0.01,0.01,0.0,0.0,0.09,0.01614019274711609,0.30976882576942444,0.02960425615310669,-0.29630476236343384,0.01016993876792273
1.2666666666666666,0.7,0.76,0.03,0.02,0.02,0.0,0.01,0.15,0.007115423679351807,0.31662920117378235,0.026096880435943604,-0.29764774441719055,0.00990115548778657
1.3,0.41000000000000003,0.55,0.07,0.04,0.06,0.0,0.03,0.25,0.006815433502197266,0.3242187201976776,0.02077627182006836,-0.3102578818798065,0.011541205335856949
1.3333333333333333,0.15,0.33,0.04,0.09,0.08,0.0,0.03,0.44,0.011958926916122437,0.30388566851615906,0.020885884761810303,-0.2949587106704712,0.004069543749431158
1.3666666666666667,0.08999999999999997,0.21,0.03,0.06,0.05,0.0,0.02,0.63,0.01717439293861389,0.30112653970718384,0.017712116241455078,-0.30058881640434265,0.005867421639457393
1.4,-0.020000000000000004,0.06,0.03,0.02,0.04,0.0,0.01,0.84,0.023408472537994385,0.2891599237918854,0.024394452571868896,-0.28817394375801086,0.005165683687732832
1.4333333333333333,-0.06,0.08,0.04,0.05,0.06,0.0,0.01,0.76,0.0164528489112854,0.29646947979927063,0.011798560619354248,-0.3011237680912018,0.007824133645657405
1.4666666666666666,-0.14,0.05,0.05,0.06,0.1,0.0,0.02,0.71,0.017584264278411865,0.29085463285446167,0.010740458965301514,-0.297698438167572,0.001972129177349741
1.5,-0.18,0.06,0.06,0.11,0.08,0.0,0.01,0.68,0.020674049854278564,0.2843252420425415,0.01365351676940918,-0.2913457751274109,0.00653670416963329
1.5333333333333334,-0.14,0.03,0.05,0.08,0.06,0.0,0.02,0.77,0.01922169327735901,0.28652864694595337,0.014135539531707764,-0.2916148006916046,0.004306416749732569
1.5666666666666667,-0.08,0.01,0.04,0.03,0.03,0.0,0.01,0.89,0.012300878763198853,0.2922030985355377,0.010308623313903809,-0.29419535398483276,0.012907607908581328
1.6,-0.24000000000000002,0.02,0.12,0.11,0.03,0.0,0.0,0.72,0.014745503664016724,0.30087730288505554,0.010095953941345215,-0.30552685260772705,0.010867769119152474
1.6333333333333333,-0.09000000000000001,0.01,0.04,0.05,0.01,0.0,0.0,0.88,0.01343509554862976,0.2995392382144928,0.012221336364746094,-0.30075299739837646,0.01421186462787188
1.6666666666666667,-0.030000000000000006,0.03,0.02,0.04,0.01,0.0,0.01,0.89,0.008229225873947144,0.29273170232772827,0.01584988832473755,-0.28511103987693787,0.01154481500582663
1.7,-0.17,0.08,0.07,0.11,0.08,0.0,0.01,0.66,0.0016687512397766113,0.30436593294143677,0.017769217491149902,-0.2882654666900635,0.0074142702024089695
1.7333333333333334,0.010000000000000009,0.17,0.05,0.06,0.05,0.0,0.0,0.68,0.005559086799621582,0.3052554428577423,0.013573229312896729,-0.29724130034446716,0.0020269904035114506
1.7666666666666666,-0.07,0.12,0.08,0.06,0.06,0.0,0.01,0.67,0.009140878915786743,0.3103339672088623,0.00699770450592041,-0.31247714161872864,0.0038461372165925767
1.8,-0.10000000000000003,0.11,0.08,0.07,0.07,0.0,0.01,0.66,0.004875093698501587,0.3032015264034271,0.014119565486907959,-0.29395705461502075,0.006423633055348854
1.8333333333333333,-0.040000000000000036,0.11,0.05,0.07,0.04,0.0,0.01,0.72,0.0045357346534729,0.30720216035842896,0.01163715124130249,-0.30010074377059937,0.0012490143463904108
1.8666666666666667,0.009999999999999995,0.12,0.05,0.04,0.03,0.0,0.01,0.76,0.004236787557601929,0.3135973811149597,0.005095183849334717,-0.31273898482322693,0.002077421037234581
1.9,-2.7755575615628914e-17,0.12,0.06,0.04,0.04,0.0,0.02,0.73,0.004625588655471802,0.30939021706581116,0.0037159323692321777,-0.3102998733520508,0.0026681381498658324
1.9333333333333333,-0.020000000000000004,0.08,0.05,0.04,0.02,0.0,0.01,0.8,0.00029736757278442383,0.3094731271266937,0.003461182117462158,-0.306309312582016,0.001216767194023236
1.9666666666666666,-0.07000000000000002,0.06,0.06,0.04,0.04,0.0,0.01,0.79,0.0024419426918029785,0.3041101098060608,0.0053765177726745605,-0.3011755347251892,0.0037482618920207022
2.0,-1.3877787807814457e-17,0.1,0.04,0.04,0.03,0.0,0.01,0.78,0.007268458604812622,0.29994720220565796,0.005972325801849365,-0.3012433350086212,0.0020145948785060767
2.033333333333333,-0.03,0.06,0.04,0.03,0.02,0.0,0.0,0.85,0.008045017719268799,0.2972935736179352,0.009619951248168945,-0.29571864008903503,0.0038811490970847265
2.066666666666667,-0.06,0.03,0.04,0.03,0.02,0.0,0.0,0.88,0.004522740840911865,0.2956700623035431,0.007476210594177246,-0.2927165925502777,0.0018581782873469143
2.1,-0.07,0.03,0.03,0.04,0.03,0.0,0.0,0.87,0.004887908697128296,0.3009117543697357,0.005235612392425537,-0.3005640506744385,0.0028595939418444563
2.1333333333333333,-0.08,0.01,0.04,0.02,0.03,0.0,0.0,0.89,0.0056258440017700195,0.29816147685050964,0.003978908061981201,-0.29980841279029846,0.0024737245942600184
2.1666666666666665,-0.17000000000000004,0.09,0.09,0.1,0.09,0.0,0.02,0.61,0.007914304733276367,0.3094104528427124,0.007048070430755615,-0.31027668714523315,0.0011561768166118297
2.2,-0.21000000000000002,0.09,0.12,0.13,0.08,0.0,0.03,0.55,0.008489012718200684,0.30886226892471313,0.005741298198699951,-0.31160998344421387,0.003768673102871317
2.2333333333333334,-0.18000000000000005,0.09,0.12,0.07,0.1,0.0,0.02,0.6,0.008312642574310303,0.3116270899772644,0.00940793752670288,-0.3105317950248718,0.002043715504954107
2.2666666666666666,-0.17,0.05,0.09,0.05,0.1,0.0,0.02,0.69,0.007803767919540405,0.31174537539482117,0.007325708866119385,-0.3122234344482422,0.003606273724050692
2.3,-0.24,0.05,0.12,0.08,0.11,0.0,0.02,0.62,0.011459797620773315,0.3041921555995941,0.0071776509284973145,-0.3084743022918701,0.0031505583413252527
2.3333333333333335,-0.27,0.04,0.07,0.09,0.19,0.0,0.04,0.58,0.01470261812210083,0.30649179220199585,0.010979771614074707,-0.310214638710022,0.004619256778230666
2.3666666666666667,-0.09000000000000001,0.07,0.03,0.07,0.07,0.0,0.01,0.76,0.018414437770843506,0.32075104117393494,0.011012434959411621,-0.3281530439853668,0.0051534090885616045
2.4,-0.2,0.02,0.04,0.08,0.12,0.0,0.02,0.72,0.01995980739593506,0.3233247399330139,0.008249163627624512,-0.33503538370132446,0.0033956856359306188
2.433333333333333,-0.31999999999999995,0.09,0.09,0.15,0.18,0.0,0.01,0.48,0.022401481866836548,0.3365204632282257,0.007489919662475586,-0.35143202543258667,0.002873135727039595
2.466666666666667,-0.33,0.05,0.08,0.21,0.11,0.0,0.02,0.53,0.02100050449371338,0.3262431025505066,0.006119489669799805,-0.34112411737442017,0.0017698483706234378
2.5,-0.38,0.04,0.06,0.21,0.18,0.0,0.03,0.48,0.0213872492313385,0.3309806287288666,0.006021618843078613,-0.34634625911712646,0.0008367026755790176
2.533333333333333,-0.42,0.05,0.06,0.18,0.26,0.0,0.03,0.42,0.021971553564071655,0.331737220287323,0.007883906364440918,-0.34582486748695374,0.00037293177411046297
2.566666666666667,-0.4099999999999999,0.04,0.05,0.16,0.29,0.0,0.05,0.4,0.019211679697036743,0.343068927526474,0.016154050827026367,-0.3461265563964844,0.002155177084038253
2.6,-0.23000000000000004,0.03,0.03,0.08,0.18,0.0,0.03,0.65,0.01777300238609314,0.33726030588150024,0.020624995231628418,-0.33440831303596497,0.0014248583995353518
2.6333333333333333,-0.10999999999999996,0.16,0.04,0.09,0.15,0.0,0.01,0.55,0.01846405863761902,0.33808761835098267,0.02399379014968872,-0.33255788683891296,0.001678468919931944
2.6666666666666665,-0.19999999999999996,0.07,0.04,0.12,0.12,0.0,0.01,0.65,0.018270432949066162,0.3366048336029053,0.020963191986083984,-0.33391207456588745,0.00011669818963821862
2.7,-0.19,0.05,0.02,0.07,0.16,0.0,0.01,0.69,0.017932921648025513,0.3350432813167572,0.021022796630859375,-0.33195340633392334,0.0009879951876366891
2.7333333333333334,-0.24999999999999997,0.05,0.03,0.11,0.2,0.0,0.04,0.58,0.017312675714492798,0.33154788613319397,0.02162998914718628,-0.3272305727005005,0.0007212504276135197
2.7666666666666666,-0.22,0.08,0.03,0.12,0.23,0.0,0.08,0.46,0.017273038625717163,0.32833945751190186,0.018650352954864502,-0.3269621431827545,0.0024920897988361394
2.8,-0.3,0.09,0.05,0.11,0.32,0.0,0.09,0.34,0.015980839729309082,0.33031824231147766,0.019020557403564453,-0.3272785246372223,0.0006324366016964833
2.8333333333333335,-0.41000000000000003,0.06,0.08,0.12,0.32,0.0,0.05,0.38,0.01685956120491028,0.33159250020980835,0.01995241641998291,-0.3284996449947357,0.002227926894118864
2.8666666666666667,-0.26,0.02,0.06,0.06,0.19,0.0,0.03,0.65,0.016211092472076416,0.32968953251838684,0.019381582736968994,-0.32651904225349426,0.0015574939224831
2.9,-0.37,0.02,0.06,0.09,0.26,0.0,0.02,0.54,0.014036893844604492,0.33456194400787354,0.021929442882537842,-0.3266693949699402,0.0005490927155533445
2.933333333333333,-0.5,0.04,0.15,0.15,0.26,0.0,0.02,0.38,0.01276448369026184,0.32693758606910706,0.021010100841522217,-0.3186919689178467,0.0016363217115942191
2.966666666666667,-0.4999999999999999,0.06,0.06,0.08,0.47,0.0,0.05,0.29,0.015185654163360596,0.317886620759964,0.019315063953399658,-0.3137572109699249,0.0045929930164298706
3.0,-0.29000000000000004,0.04,0.07,0.07,0.2,0.0,0.01,0.62,0.013126522302627563,0.31625136733055115,0.01220637559890747,-0.31717151403427124,0.00893091295524841
3.033333333333333,-0.39,0.02,0.08,0.14,0.2,0.0,0.01,0.54,0.013517796993255615,0.313931941986084,0.019932925701141357,-0.30751681327819824,0.003907154157880673
3.066666666666667,-0.09,0.05,0.03,0.03,0.09,0.0,0.01,0.79,0.015475809574127197,0.3057063817977905,0.015529215335845947,-0.3056529760360718,0.010128436828377737
3.1,-0.23000000000000004,0.09,0.06,0.06,0.22,0.0,0.02,0.54,0.012057453393936157,0.318945050239563,0.021931767463684082,-0.30907073616981506,0.01063239388555236
3.1333333333333333,-0.16999999999999998,0.09,0.05,0.12,0.11,0.0,0.02,0.6,0.008676320314407349,0.32478728890419006,0.023102223873138428,-0.310361385345459,0.0060651029337862586
3.1666666666666665,-0.5700000000000001,0.03,0.13,0.1,0.44,0.0,0.07,0.23,0.012645304203033447,0.31626808643341064,0.030319631099700928,-0.29859375953674316,0.0018044529801019026
3.2,-0.1,0.08,0.07,0.06,0.06,0.0,0.01,0.73,0.013331741094589233,0.31221091747283936,0.030715584754943848,-0.29482707381248474,0.0015072491264106161
3.2333333333333334,-0.22000000000000003,0.12,0.12,0.05,0.22,0.0,0.05,0.45,0.01137542724609375,0.30960550904273987,0.030548095703125,-0.2904328405857086,0.001287959028392545
3.2666666666666666,-0.25999999999999995,0.07,0.09,0.1,0.16,0.0,0.02,0.56,0.014321953058242798,0.3099302649497986,0.02987915277481079,-0.2943730652332306,0.00025174961780142537
3.3,-0.27,0.05,0.1,0.07,0.19,0.0,0.04,0.54,0.009782284498214722,0.31580331921577454,0.02450692653656006,-0.3010786771774292,0.0013852314939609266
3.3333333333333335,-0.18000000000000002,0.08,0.08,0.09,0.1,0.0,0.01,0.64,0.009468615055084229,0.31865566968917847,0.02436506748199463,-0.30375921726226807,0.0009939916127067426
3.3666666666666667,-0.09000000000000001,0.06,0.03,0.06,0.08,0.0,0.02,0.74,0.011570662260055542,0.3184998631477356,0.02551722526550293,-0.3045533001422882,0.0004227871739952404
3.4,0.009999999999999995,0.06,0.02,0.02,0.06,0.0,0.05,0.79,0.009696781635284424,0.31519681215286255,0.00981682538986206,-0.3150767683982849,0.0013324021270694074
3.433333333333333,-0.09000000000000001,0.02,0.03,0.04,0.07,0.0,0.03,0.81,0.010816335678100586,0.3084373474121094,0.007389187812805176,-0.3118644952774048,0.004740056049373826
3.466666666666667,-0.23,0.01,0.07,0.13,0.06,0.0,0.02,0.73,0.01116672158241272,0.3110029697418213,0.007614433765411377,-0.31455525755882263,0.002206467029631823
3.5,-0.13999999999999999,0.01,0.06,0.05,0.06,0.0,0.02,0.8,0.012736707925796509,0.30824369192123413,0.007332563400268555,-0.3136478364467621,0.0001186105258563917
3.533333333333333,-0.09000000000000001,0.0,0.02,0.03,0.07,0.0,0.03,0.84,0.01073312759399414,0.31357765197753906,0.006378591060638428,-0.3179321885108948,0.0024155645214239477
3.566666666666667,-0.1,0.01,0.02,0.06,0.08,0.0,0.05,0.78,0.010990917682647705,0.3145137131214142,0.006563365459442139,-0.31894126534461975,0.0006250206729981904
3.6,-0.11000000000000001,0.01,0.04,0.04,0.07,0.0,0.03,0.81,0.009767621755599976,0.3156885504722595,0.007942616939544678,-0.3175135552883148,0.0004238386553075827
3.6333333333333333,-0.04999999999999999,0.04,0.03,0.05,0.04,0.0,0.03,0.82,0.008401691913604736,0.3157127797603607,0.013152480125427246,-0.3109619915485382,0.0025906560508581864
3.6666666666666665,-0.11,0.06,0.04,0.1,0.08,0.0,0.05,0.69,0.01115339994430542,0.31217315793037415,0.012460649013519287,-0.3108659088611603,0.0012665884333958669
3.7,-0.05,0.05,0.04,0.05,0.04,0.0,0.03,0.79,0.010926514863967896,0.3098910450935364,0.011609554290771484,-0.3092080056667328,0.0013911943304785643
3.7333333333333334,-0.03999999999999995,0.14,0.05,0.11,0.06,0.0,0.04,0.61,0.012359470129013062,0.309947669506073,0.015464484691619873,-0.3068426549434662,0.0003525539731166366
3.7666666666666666,-0.15,0.05,0.05,0.1,0.1,0.0,0.05,0.65,0.01232534646987915,0.3100486695766449,0.016538619995117188,-0.30583539605140686,0.00016710124225502803
3.8,-0.11000000000000001,0.02,0.04,0.06,0.04,0.0,0.01,0.84,0.014022260904312134,0.3071555495262146,0.01599597930908203,-0.3051818311214447,0.0005437057208282414
3.8333333333333335,-0.19000000000000003,0.01,0.07,0.08,0.06,0.0,0.01,0.78,0.012416094541549683,0.3104628026485443,0.012721002101898193,-0.3101578950881958,0.0018321437054758948
3.8666666666666667,-0.15,0.01,0.06,0.06,0.07,0.0,0.03,0.77,0.013281255960464478,0.31040531396865845,0.012843728065490723,-0.3108428418636322,0.0006307402982525307
3.9,-0.18,0.03,0.05,0.09,0.1,0.0,0.03,0.7,0.014113664627075195,0.30332401394844055,0.015719175338745117,-0.30171850323677063,0.00237293581312581
3.933333333333333,-0.24000000000000002,0.01,0.06,0.11,0.1,0.0,0.02,0.71,0.013994216918945312,0.3038824498653412,0.01747983694076538,-0.3003968298435211,0.0004078031953347431
3.966666666666667,-0.13,0.01,0.03,0.06,0.07,0.0,0.02,0.81,0.01154133677482605,0.30547502636909485,0.012307524681091309,-0.3047088384628296,0.0007800438428568363
4.0,-0.2,0.03,0.05,0.12,0.08,0.0,0.02,0.69,0.012545138597488403,0.3055015206336975,0.02085965871810913,-0.2971870005130768,0.0010004679399630181
4.033333333333333,-0.16999999999999998,0.05,0.07,0.12,0.06,0.0,0.03,0.67,0.011640012264251709,0.30384019017219543,0.021314620971679688,-0.29416558146476746,0.0007689291039761349
4.066666666666666,-0.4800000000000001,0.04,0.1,0.27,0.2,0.0,0.05,0.34,0.01072162389755249,0.3083329498767853,0.020126163959503174,-0.2989284098148346,0.0002008521995291685
4.1,-0.42,0.02,0.09,0.23,0.16,0.0,0.04,0.45,0.01133430004119873,0.3101387321949005,0.02267080545425415,-0.2988022267818451,0.0004558076300549776
4.133333333333334,-0.24000000000000005,0.03,0.05,0.14,0.1,0.0,0.02,0.66,0.012372016906738281,0.30814674496650696,0.018288135528564453,-0.3022306263446808,0.0009960480140996171
4.166666666666667,-0.18000000000000002,0.11,0.07,0.15,0.12,0.0,0.05,0.5,0.01509028673171997,0.3046058118343353,0.021813154220581055,-0.29788294434547424,0.0015338924812829432
4.2,-0.47000000000000003,0.02,0.14,0.16,0.22,0.0,0.03,0.42,0.014912575483322144,0.30877846479415894,0.015896081924438477,-0.3077949583530426,0.0007992685060625733
4.233333333333333,-0.06,0.04,0.05,0.07,0.05,0.0,0.07,0.72,0.011538833379745483,0.31424298882484436,0.009446322917938232,-0.3163354992866516,0.003946541683585172
4.266666666666667,-0.09,0.01,0.04,0.04,0.05,0.0,0.03,0.84,0.012090712785720825,0.3115100562572479,0.006455361843109131,-0.3171454071998596,0.00211753914928966
4.3,-0.12000000000000001,0.01,0.04,0.07,0.02,0.0,0.0,0.86,0.008951008319854736,0.311886727809906,0.008199334144592285,-0.31263840198516846,0.004257724068008531
4.333333333333333,-0.15,0.02,0.07,0.04,0.08,0.0,0.02,0.77,0.008844614028930664,0.3140576481819153,0.010641217231750488,-0.31226104497909546,0.0047898629207404975
4.366666666666666,-0.04000000000000001,0.1,0.04,0.04,0.1,0.0,0.04,0.68,0.012269288301467896,0.3227563500404358,0.016239285469055176,-0.3187863528728485,0.004726633200348386
4.4,0.04999999999999999,0.08,0.02,0.02,0.03,0.0,0.04,0.8,0.014355272054672241,0.312410831451416,0.015053272247314453,-0.3117128312587738,0.003686258207933407
4.433333333333334,-0.03,0.04,0.03,0.03,0.04,0.0,0.03,0.82,0.014447808265686035,0.305353045463562,0.014324724674224854,-0.3054761290550232,0.00589643335287301
4.466666666666667,-0.18000000000000002,0.01,0.07,0.06,0.08,0.0,0.02,0.75,0.014709025621414185,0.2990005612373352,0.011905133724212646,-0.30180445313453674,0.006972297884542291
4.5,-0.25000000000000006,0.01,0.06,0.1,0.14,0.0,0.04,0.65,0.012693732976913452,0.30468514561653137,0.014428853988647461,-0.30295002460479736,0.004337616784192154
4.533333333333333,-0.21000000000000002,0.0,0.05,0.07,0.1,0.0,0.01,0.77,0.011963814496994019,0.3108268976211548,0.009175360202789307,-0.3136153519153595,0.003949758545306639
4.566666666666666,-0.13,0.01,0.04,0.04,0.09,0.0,0.03,0.79,0.006921887397766113,0.3059433698654175,0.015002846717834473,-0.2978624105453491,0.0059113755343546525
4.6,-0.16,0.0,0.05,0.05,0.07,0.0,0.01,0.8,0.007445305585861206,0.29856008291244507,0.007459759712219238,-0.29854562878608704,0.0022603237172721287
4.633333333333334,-0.14,0.0,0.05,0.06,0.04,0.0,0.01,0.84,0.0047454833984375,0.302006334066391,0.007204949855804443,-0.29954686760902405,0.0031143364246033894
4.666666666666667,-0.12,0.0,0.03,0.05,0.04,0.0,0.0,0.87,0.008823543787002563,0.31005609035491943,0.005981504917144775,-0.3128981292247772,0.004738947505088529
4.7,-0.36,0.0,0.09,0.18,0.11,0.0,0.02,0.59,0.008037567138671875,0.30970433354377747,0.007325470447540283,-0.31041643023490906,0.002377020798772257
4.733333333333333,-0.25000000000000006,0.0,0.07,0.1,0.13,0.0,0.05,0.65,0.005081593990325928,0.3107244372367859,0.010847210884094238,-0.3049588203430176,0.0013091966153066109
4.766666666666667,-0.14,0.0,0.05,0.05,0.04,0.0,0.0,0.86,0.003931581974029541,0.3025849461555481,0.006511807441711426,-0.3000047206878662,0.000709297970057416
4.8,-0.20000000000000004,0.01,0.08,0.08,0.06,0.0,0.01,0.77,0.004561871290206909,0.2922080457210541,0.005984902381896973,-0.290785014629364,0.0028219798598885476
4.833333333333333,-0.19999999999999998,0.01,0.09,0.09,0.03,0.0,0.0,0.78,0.00432509183883667,0.2919473350048065,0.008065462112426758,-0.28820696473121643,0.002397247024334385
4.866666666666666,-0.06999999999999999,0.02,0.04,0.03,0.02,0.0,0.0,0.89,0.010887622833251953,0.2869071662425995,0.013171613216400146,-0.2846231758594513,0.001325128321172551
4.9,-0.3,0.03,0.09,0.18,0.09,0.0,0.03,0.59,0.010906040668487549,0.2989286184310913,0.016561448574066162,-0.2932732105255127,0.001752594281337109
4.933333333333334,-0.5700000000000001,0.03,0.12,0.19,0.33,0.0,0.04,0.29,0.011213362216949463,0.303047239780426,0.012063741683959961,-0.3021968603134155,0.0005930653665601822
4.966666666666667,-0.6699999999999999,0.01,0.08,0.29,0.33,0.0,0.02,0.27,0.011234819889068604,0.30732160806655884,0.02434396743774414,-0.2942124605178833,0.0012753070516523597
5.0,-0.23,0.01,0.09,0.08,0.08,0.0,0.01,0.73,0.014580786228179932,0.30630844831466675,0.02429795265197754,-0.29659128189086914,0.0023271036089047266
5.033333333333333,-0.2,0.02,0.09,0.07,0.07,0.0,0.01,0.75,0.020847290754318237,0.3150263726711273,0.025916755199432373,-0.3099569082260132,0.003266809779709548
5.066666666666666,-0.3,0.03,0.11,0.12,0.12,0.0,0.02,0.59,0.021576225757598877,0.3107495903968811,0.02622807025909424,-0.30609774589538574,0.0021063285162612614
5.1,-0.38,0.02,0.12,0.17,0.16,0.0,0.05,0.48,0.024780690670013428,0.297775536775589,0.025096893310546875,-0.29745933413505554,0.001607506904322002
5.133333333333334,-0.28,0.07,0.11,0.15,0.14,0.0,0.05,0.48,0.030824512243270874,0.2861296236515045,0.02144724130630493,-0.29550689458847046,0.0009859092811099327
5.166666666666667,-0.21000000000000002,0.05,0.11,0.07,0.14,0.0,0.06,0.58,0.030624091625213623,0.29578158259391785,0.02130258083343506,-0.3051030933856964,0.0014005751828698998
5.2,-0.19000000000000006,0.1,0.08,0.07,0.23,0.0,0.09,0.42,0.027740120887756348,0.2955857515335083,0.01700448989868164,-0.306321382522583,0.0020051787826207584
5.233333333333333,-0.13,0.04,0.07,0.03,0.09,0.0,0.02,0.74,0.03058093786239624,0.29291796684265137,0.015847623348236084,-0.3076512813568115,0.004742563685252434
5.266666666666667,-0.30000000000000004,0.06,0.1,0.07,0.25,0.0,0.06,0.46,0.03331902623176575,0.28124552965164185,0.02184009552001953,-0.29272446036338806,0.0062187634774238
5.3,-0.26,0.04,0.11,0.06,0.23,0.0,0.1,0.45,0.04199552536010742,0.27633997797966003,0.02150040864944458,-0.2968350946903229,0.0038469933990964316
5.333333333333333,-0.12,0.04,0.09,0.04,0.13,0.0,0.1,0.6,0.03775894641876221,0.28117841482162476,0.013122141361236572,-0.3058152198791504,0.002957402634815579
5.366666666666666,-0.11,0.02,0.06,0.03,0.07,0.0,0.03,0.8,0.03615516424179077,0.287253737449646,0.0157548189163208,-0.30765408277511597,0.00037434546371675927
5.4,-0.16000000000000003,0.03,0.09,0.04,0.14,0.0,0.08,0.62,0.03216490149497986,0.2904800474643707,0.01822870969772339,-0.3044162392616272,0.0015864940232451015
5.433333333333334,-0.05000000000000002,0.04,0.06,0.01,0.07,0.0,0.05,0.76,0.02803477644920349,0.29002177715301514,0.019855380058288574,-0.29820117354393005,0.0009652139378915543
5.466666666666667,-0.11000000000000001,0.03,0.08,0.02,0.1,0.0,0.06,0.69,0.016777127981185913,0.29773157835006714,0.015069007873535156,-0.2994396984577179,0.001993818745569768
